method,dataset_size,n_clusters,silhouette_score,adjusted_rand_index,normalized_mutual_info,cluster_purity,version
Beta-VAE + KMeans,1120,14,0.1656178683042526,0.091615454870546,0.2441340674154331,0.4080357142857143,original_beta_4.0
Beta-VAE(beta=1.0) + KMeans,1120,14,0.23998300731182098,0.12293656814108202,0.28021308920863136,0.4446428571428571,tuned_beta_1.0
