method,silhouette_score,calinski_harabasz_index
VAE + KMeans,0.3515287935733795,745.036865234375
PCA + KMeans,0.2273215689306493,379.53537995848257
